files,329,331
vang,1,49
lượt,3,16
rướn,0,18
bịt_mắt,0,12
hối_tiếc,11,0
tài_chính,13,0
nuôi,13,0
hormone,25,0
tột_độ,0,20
bí_ẩn,11,3
thằng,14,542
làn,4,24
làm,834,1025
con_thu,0,79
thay_thế,7,5
điều_kiện,35,5
lạc_quan,11,0
điển_hình,10,0
khỏi,75,184
ông_bà,24,7
vội_vã,9,22
khỏe,4,13
hoà,1,11
mỏi,2,17
nằm,38,444
băng,2,13
lớn_tuổi,29,3
liêm,0,92
cảnh,17,47
như_là,16,26
may_mắn,23,2
van_xin,2,11
tâm_lý,127,2
lướt,3,9
hoa,42,61
khuôn_mặt,10,49
áo_lót,7,15
quá_trình,58,1
ngực,42,183
ngựa,4,33
niêm_mạc,10,0
sàng,0,19
dành,203,10
nảy_nở,1,9
ý_chí,19,0
nhỏ_con,8,2
rõ,95,57
tuýp,10,3
đèn_đỏ,20,0
rú,0,37
sức,29,61
rà,0,50
râ,11,0
khác_biệt,44,3
thanh_niên,2,12
đối_diện,18,5
phản_ứng,20,18
dương_vật,99,266
hét,0,18
phạch,0,56
động_tác,6,29
vỡ,14,15
vợ,195,307
vụ,8,7
đồng_hành,13,0
kiên_nhẫn,15,2
chừng,4,56
đung_đưa,0,15
kích_thích,63,87
vị,7,20
xin,95,34
vỏ,10,1
hoàn_thành,10,2
vỗ,0,15
tức,11,27
phủ,6,19
phụ,34,8
ổn,8,2
vẻ,42,33
vẽ,4,11
treo,2,8
một_tí,5,11
cụ,3,12
cọ,0,58
cuộc_sống,251,5
cớ,12,1
cở,0,12
cố,30,92
cổ,24,88
trở_về,20,12
háo_hức,6,12
danh_sách,12,1
quần_jean,6,10
phối_hợp,5,6
rĩ,0,35
mệt_mỏi,27,15
mãi_mãi,15,2
cậu,82,78
nén,4,8
tiến,35,52
tiết,40,13
tiếp,33,79
nét,18,10
xứng_đáng,11,0
ân_ái,13,20
chồng,135,158
thành_công,28,5
đục,3,23
melissa,0,10
bất_thường,19,1
tay_cầm,1,19
nghề_nghiệp,10,2
tình_cảnh,10,1
lâu,77,155
lây,12,3
mãn_nguyện,2,13
lâm,6,66
liên_quan,55,3
quan_trọng,162,12
nát,0,13
hoang,4,7
xuất,13,61
tin_tưởng,54,3
đam_mê,14,10
vô_thức,0,12
cố_gắng,127,46
dây_thần_kinh,9,6
tháng,151,20
mọi,315,55
mọc,11,10
cục,6,40
nói_chuyện,89,14
sinh_hoạt,16,1
tung,10,39
lợi,7,223
trôi,8,22
hai,608,1651
ham,9,23
hay,705,122
nghỉ_ngơi,10,4
ưỡn,0,82
bệnh_lý,17,0
thì_sao,10,10
ra_lệnh,1,9
trả,67,16
hẹn,44,6
khít,2,37
trọ,9,2
trễ,10,2
trở,4,6
xinh_đẹp,11,29
từ_từ,7,157
trừ,11,5
thâm_nhập,6,4
cuốn_hút,13,1
khó,161,29
khô,34,24
sáng_tạo,18,0
khí,0,156
khá,86,47
luộm_thuộm,9,1
tiến_sĩ,23,0
hụt_hẫng,12,0
cung_cấp,16,0
chơi,100,142
biện_pháp,77,0
đắm_đuối,2,11
teo,1,10
khách_sạn,6,6
khả_năng,118,4
khu,8,2
tiê,38,0
kho,11,0
kha,11,0
đảo,1,12
khe,1,168
đéo,0,11
coi_chừng,5,8
giai_đoạn,50,7
phẩm_chất,15,0
vượt_rào,22,0
ẩm_ướt,4,14
tội,12,17
um,0,52
đánh,38,66
đáng,112,17
tổn_thương,42,0
dễ_dàng,64,36
hai_mươi,3,8
lòng,131,47
nệm,3,31
kiềm_chế,18,3
nguyên,10,37
sư,19,3
sơ,9,3
bự,1,13
bể,2,10
bỏ,85,102
bị,539,341
bố,21,51
bồ,12,17
bờ,5,44
lấp,7,5
lấy,154,728
ba,116,126
nhét,2,50
giao_tiếp,31,0
trứng,89,11
nước,62,390
cắm,0,37
cắn,5,92
hoan_lạc,0,14
liên_hồi,0,30
cà_phê,9,4
dễ_thương,14,10
chọn_lựa,21,1
liên_tục,30,114
đánh_giá,44,0
cứ_thế,8,57
xuyên,4,16
vượt,93,3
thừa_nhận,21,0
người_làm,6,7
quì,0,20
quán,17,1
tháo,6,20
tuyệt_vời,34,40
stress,15,0
sa,8,3
se,12,1
mịn,0,32
ướt_đẫm,0,15
cánh,32,18
cứng_ngắc,0,54
tồn_tại,27,0
nằm_xuống,0,76
lửa,11,21
bao_cao_su,90,16
phản_đối,55,8
thụ_tinh,18,1
cảm_xúc,109,9
một_mặt,9,1
món,43,13
tự_hào,13,4
mà_lại,11,15
yên,9,35
yêu,934,127
ong,0,11
cuồng_loạn,0,12
uốn_éo,0,13
xưng_hô,6,5
chị_em,55,86
sửa,9,6
rời,30,52
tập,27,8
kích,0,12
tận,16,45
sai,36,8
vật_chất,17,0
hẹn_hò,81,0
nhổm,0,14
người_tình,15,40
số,69,19
chú_tâm,9,1
thứ_hai,21,15
phim,40,37
sở_hữu,19,2
tụi,15,25
đạp,2,13
chụp,1,37
chục,11,12
đạo,22,3
tụt,3,22
yên_tâm,18,12
rào_cản,10,1
tự_nhiên,55,36
gian,7,10
kế_hoạch,21,10
chung_sống,14,0
ốm,7,3
giày,13,1
giấu,20,3
giàu,13,10
giấy,13,10
hài_lòng,29,7
bền_vững,20,0
lên_tiếng,5,6
thăng_hoa,13,1
chúng_em,52,6
chức_năng,22,0
bắt_đầu,90,187
ý_kiến,40,4
sấp,0,43
đầy_đặn,1,15
mang,159,49
băn_khoăn,30,2
lần,366,473
lầm,27,2
lầu,0,11
thứ_tư,7,3
chân_tình,12,0
cạo,1,39
yêu_thích,28,3
ngưỡng_mộ,8,2
níu,6,4
hết_sức,27,26
tài_tình,0,12
học,137,32
trạng_thái,23,11
trái_tim,93,10
cư_xử,15,0
đứa,152,99
đức,10,0
đứt,13,5
dùm,1,10
duy_trì,46,0
chiều_chuộng,14,2
nói_nhỏ,0,14
bă,10,0
phiên,1,16
ngon,9,50
vội,6,85
kể_cả,14,12
thư_giãn,10,2
đáp_ứng,18,6
tiêu_cực,26,0
đúc_kết,11,0
hứng_thú,8,11
nhóp_nhép,0,13
tờ,8,13
mỉm,7,64
tớ,77,0
nách,2,14
tổ,5,5
tỏ,42,12
tệ,11,4
nhanh,41,119
kẻng,10,0
tỷ,3,15
tự,172,34
tứ,8,6
tủ,5,5
đẩy_mạnh,1,11
khiêu,0,11
vũ_bão,0,11
người_xưa,17,0
xuân,8,69
nứng,0,172
tả,2,24
trang_bị,9,1
thôi_thì,1,26
oằn,0,18
di_chuyển,8,11
đòi,29,18
heo,1,11
kinh_tế,30,0
sữa,27,33
khám,30,7
khác,420,105
quan_sát,22,14
nhỏ_tuổi,3,8
màu_sắc,21,0
chảy,15,168
xịt,2,23
tắt,6,13
tắm,11,92
mời_mọc,0,11
tv,4,15
tu,6,13
to,22,343
nhồi,2,10
ti,24,7
ta,77,160
trách,10,7
kịch_liệt,9,3
sang,24,74
trải_nghiệm,12,0
tập_thể,6,7
đầy,26,186
đầu,176,600
chừa,1,15
tý,5,6
ngăn,15,18
tù,2,8
tô,19,11
đít,0,267
tí,3,21
tê,9,29
té,6,4
giây,7,9
thông,3,35
nóng_hổi,1,40
đối_tác,29,0
thương_hại,14,1
ổn_định,32,0
cổ_họng,2,35
rụng,43,3
việt_nam,30,7
cân,35,0
câu,128,29
thông_minh,28,4
teen,47,2
sầu,2,46
đụng,5,26
sinh_ra,17,11
lạc,8,10
giữa,148,140
hà_nội,53,2
dập,2,54
cản,3,11
dậy,6,105
trái_lại,4,15
trời_ơi,0,35
nãy,0,33
căng_thẳng,32,8
hỏi,129,105
để_ý,38,18
não,20,3
công_nghệ,15,0
lựa_chọn,68,1
tư,18,149
cử_chỉ,12,5
phòng_tránh,13,0
âm_vật,43,2
đằng,11,17
thay_đổi,154,10
đàng_hoàng,3,9
chúng,55,51
cơ_bản,17,0
gọi,76,37
gọn,3,33
cảm_nhận,36,40
cửa_mình,4,81
hình_như,13,17
đàn_ông,393,79
công_nhận,2,23
nội_dung,16,0
thu_thủy,1,14
đỉnh,44,26
ngày,391,91
bóp_nắn,0,12
ngây_ngất,2,28
sinh_dục,48,22
quảng_cáo,12,0
quằn_quại,0,25
công_việc,103,17
anh_trai,11,2
tốt_đẹp,28,0
áo_choàng,1,11
lứa,13,0
gợi_cảm,12,14
vừa_qua,10,3
võng,0,19
già_dặn,10,1
triệu,25,0
nhích,0,11
nhân_vật,11,0
động_viên,20,0
chưn,0,11
điên_cuồng,5,10
phành_phạch,0,11
mũi,3,34
thoải_mái,47,29
virus,11,0
tới_tấp,0,14
nhân,13,43
thèm_thuồng,0,13
tặng,37,4
thăm,11,9
buổi,38,9
nhận_lời,18,1
giới,68,5
thông_báo,10,0
biểu_hiện,52,1
hết,92,315
thích_hợp,18,2
chạm,16,72
tĩnh_mạch,15,0
buồn,75,16
chạy,26,68
yêu_cầu,31,5
trọn,4,34
sex,60,17
quay_cuồng,1,9
so_sánh,14,7
đấng,14,0
uy_tín,12,1
anh_ta,169,3
bất_chấp,9,1
xương,11,7
thon,1,37
ngoan_ngoãn,4,18
chứa,13,5
phút_giây,8,2
bề_ngoài,14,1
cỡ,18,24
thọc_sâu,0,14
hưởng_thụ,0,17
nội,9,7
xã_hội,72,3
khía_cạnh,18,1
thúy,8,21
thúc,1,47
đất,6,45
đấy,83,140
cấm,45,7
cám_ơn,2,14
cất,3,8
cấp,8,4
ứa,0,39
cấy,12,0
như_điên,1,12
nắc,0,259
bà,91,663
bá,0,35
bí,12,2
bé,55,147
rơi,36,20
bô,11,1
bò,0,30
bó,10,25
bù,1,10
bú,12,553
xảy_ra,120,15
sách,20,9
ý_nghĩa,26,2
máy_tính,14,0
chìm,2,8
lúc_nào,66,41
cạ,0,21
hoàn_toàn,111,42
bo,12,1
bi,13,5
ông_ta,3,13
thì_ra,1,9
ái_ân,3,14
nhu_cầu,29,2
vờn,2,8
sẻ,0,12
khúc,4,41
chu,17,5
đau,93,136
sờ,3,45
tha_thứ,38,2
linh,21,65
sỹ,10,0
thông_tin,42,0
vân,4,6
trườn,0,37
ui,0,27
sợ,97,92
duy_nhất,35,8
chai,1,26
chính_xác,51,4
họ_hàng,13,2
phơi,0,10
chat,10,0
đều_đặn,10,12
thể_hiện,100,1
lừa,17,0
hải_la,0,10
ngôn_ngữ,12,1
bạo_dạn,0,11
tinh_dịch,19,39
tình_nhân,13,8
ma_túy,9,1
yêu_vì,11,0
biến_mất,16,6
cơm,17,22
miệng,25,545
nặng_nề,9,3
câu_chuyện,35,0
tiếp_tục,94,112
thú_thật,3,7
ra_vào,1,15
ra_sức,3,30
buồng_trứng,24,1
tra,11,0
tre,6,4
trong_sáng,10,1
ham_muốn,37,10
sợi,7,48
chăn,7,20
leo,2,46
động,5,8
thạc_sĩ,15,0
dồn,4,8
trò,12,10
nhường,3,7
rửa,12,13
khổ,40,6
tình_yêu,625,26
tộc,0,15
khẽ,0,278
ok,2,16
ứng_xử,41,0
thanh_hóa,30,0
ấy_là,24,4
thuyết_phục,25,1
hiện_đại,13,0
tiếc,24,7
dịch,40,22
thầy_giáo,12,0
quần_đùi,0,21
xuất_tinh,83,104
lợi_ích,11,0
đau_lòng,13,1
tự_tin,74,6
mâu_thuẫn,21,1
nâng_niu,0,11
tìm_kiếm,31,17
giảm,117,8
rót,5,7
ám_ảnh,10,1
hướng,27,19
út,6,11
úp,2,38
chung_quanh,7,10
sớm,83,16
tận_cùng,1,12
bạn_bè,105,8
tính_cách,46,0
thú_vị,22,16
bản_năng,8,5
cầm,6,148
lập,31,6
lật,2,51
thân_thiện,10,1
nắng,27,3
thích_thú,11,43
bí_quyết,11,0
y_tiên,0,13
davit,0,30
hạnh,0,40
jesus,0,10
căng_tròn,0,26
tám,16,4
lim_dim,1,21
cán_bộ,10,1
nụ_hôn,28,23
chòi,0,14
tới,217,262
lên_cơn,0,12
vùng,51,66
quyết_định,196,10
tôn_giáo,22,1
niềm_tin,27,0
trắc_trở,10,0
quét,1,56
lộ,9,54
vui_vẻ,47,5
cưng,0,98
nồng_nàn,2,10
xét_nghiệm,17,0
chổng,0,43
sinh_viên,37,11
dằn_vặt,13,1
trái,23,95
cũ,134,24
quần_áo,28,34
rờ,0,26
mồm,1,24
mồi,2,12
ngắm,11,38
rỉ,2,17
cha_mẹ,40,4
rủ,12,11
cô_gái,187,56
vơ,25,7
tự_động,4,19
vải,2,39
phố,8,4
lôi,3,22
gặp_mặt,29,2
đôi,105,222
thay_vì,29,6
cư,18,0
áo_thun,0,14
mày_mò,0,21
lo,58,22
vâ,12,0
ch,25,1
co,61,61
cm,17,7
vê,11,31
ví,11,3
vò,1,24
cu,51,365
thấu_hiểu,10,0
chất,67,26
phí,6,4
phì,16,1
phá,16,28
tan_vỡ,19,1
vai_trò,32,0
phú,1,9
lường,7,3
lạ,25,35
va,40,4
ve,5,6
vi,14,2
cà,1,28
cú,9,103
tỉnh_táo,17,4
vy,13,0
nhờn,15,143
đóng_góp,11,0
pha,29,10
vành,1,9
vàng,28,21
phu,10,0
sự_nghiệp,18,0
chiến,1,36
trẻ_con,11,4
xem,186,89
paul,3,8
theo_đuổi,10,1
chữa,14,3
giật,0,58
giập,0,55
bắt_cá_hai_tay,11,0
trở_nên,82,11
hai_néo,0,31
ngọc,6,128
có_thai,45,5
hoặc,309,21
hít,5,29
nhìn_nhận,30,0
yêu_thương,77,25
chịu_đựng,19,17
đẩy,20,117
trao_đổi,26,7
ngày_sau,10,3
thế_nhưng,10,6
dẫn,77,12
quan_điểm,47,1
tàn_bạo,0,16
ào_ào,1,26
dìu,0,13
thế_giới,74,5
hư,5,22
hạ_bộ,0,19
đốt,7,3
say_sưa,1,54
thật,263,527
đóng,20,19
mỹ_nương_lệ,0,10
ngoạm,0,12
khiê,10,0
chui,0,95
lắc,0,19
dạng,23,66
lắm,88,364
xúc_phạm,13,0
cảm_giác,138,267
đem,37,32
đeo,10,14
đen,10,101
đoan,0,30
yêu_đương,21,3
thẳng,14,66
tay_ba,8,4
xuất_phát,20,3
buông_xuôi,13,5
khác_gì,3,22
cực,43,46
quy,39,18
suy_nghĩ,200,14
kiếm,20,12
phòng,30,179
tưởng_tượng,24,16
mùi,32,50
tèo,0,81
mùa,6,4
đút,0,204
phương_pháp,35,0
rõ_ràng,66,15
đúc,0,11
hằng,12,53
cuộc_đời,64,10
lần_lượt,4,13
vô_cùng,33,119
tuyệt_đối,15,2
mối,302,8
nhìn,168,447
hoàn_cảnh,53,4
vứt,6,7
hả,2,113
hạ,8,48
phẫu_thuật,17,0
chàng_trai,120,9
thực_tế,114,1
lan,17,150
lao,8,30
hự,0,26
hứ,0,26
lau,6,31
hở,2,9
hồ,4,6
dâng,1,27
đoạn,18,20
họ,563,112
hề,55,51
hệ,12,0
co_bóp,1,22
sức_lực,1,9
nhớt,1,26
ít_nhất,33,2
quy_luật,20,0
cố_tình,6,8
bỏ_qua,22,6
biết,641,474
chất_lượng,11,2
bang,10,0
nhấn,0,25
biến,27,12
banh,0,88
cơ_thể,130,56
đôi_khi,72,9
khuyến_khích,13,6
hiểu_biết,25,3
bàn_tay,13,224
ngỏ,32,0
nhấc,1,26
ngờ,10,58
chủ_đề,11,0
ngủ,44,152
đòi_hỏi,44,9
vết,14,10
gần_gũi,27,1
mồ_hôi,5,32
thần_tiên,0,14
hưởng,5,23
hình_ảnh,48,8
ngoan,1,14
nhấp,0,143
bác,18,30
tận_hưởng,16,36
bán,14,5
bám,3,10
cúi,1,109
cúc,2,29
bản_chất,16,1
dường_như,26,25
john,0,103
pạch,0,19
mạng,56,3
chi_tiết,7,3
chứng,26,6
đắt,8,3
xử_lý,10,1
cử_động,0,13
dấu,5,17
việt_minh,0,41
rối,7,13
khom,1,10
vòng,51,51
khoa,12,0
xa_cách,8,3
căn_cứ,12,0
một_khi,16,2
thắt,7,13
thư,37,3
vợ_con,15,1
trở_ngại,27,1
rồi_đây,0,29
thơ,12,1
kéo,15,204
kém,35,21
du,13,0
áo_quần,0,46
chống,27,48
rung,5,44
mở_cửa,1,16
nguyệt,4,54
hứng,4,37
dì,0,174
dí,0,21
dè,0,10
hiển_nhiên,9,1
dù,137,77
quyết_tâm,26,3
coi,48,60
diệp,0,28
nô_lệ,5,8
tony,4,17
trung,16,122
lực,3,45
hoang_mang,14,1
thú,1,17
âm_hộ,7,157
thò,0,23
thê,22,1
thâ,20,0
tình_dục,324,24
sự_cố,10,1
cong,4,129
dư,7,7
ra_điều,8,3
rắn,0,10
hang,4,8
an_toàn,60,0
kẹp,3,16
công_tác,13,3
thu,14,167
khoái_lạc,0,39
ông,102,636
thi,20,29
tha,12,30
nguyệt_san,10,0
cuồng_nhiệt,0,13
xin_lỗi,20,10
sai_lầm,40,1
nhanh_nhẹn,3,7
tạm,16,8
tạo,102,35
dị_ứng,10,0
màng_trinh,16,11
miếng,6,33
nô_tỳ,0,12
gỡ,2,9
mầy,0,19
gỗ,2,15
ầm_ầm,0,21
rùng_mình,0,28
luôn_luôn,14,4
họng,0,13
thỏa_mãn,26,35
mục_đích,22,1
đột_ngột,6,5
thơm_tho,0,15
bình_tâm,11,0
túi,7,3
kiểu,55,107
bưng,0,14
trán,0,13
vài,67,67
thế_này,15,49
cọ_xát,4,7
bộc_lộ,14,0
sốc,28,0
hát,19,1
xoa_bóp,0,57
tác_dụng,57,3
ngớt,0,33
kinh_nguyệt,68,1
đập,10,29
đậu,9,3
sản_xuất,13,1
thắng,11,5
dần,46,96
nghiêng,2,37
dầu,6,14
bảo_đảm,10,0
hay_sao,3,11
trẻ,123,30
che_đậy,1,16
lo_lắng,109,8
nốt,0,14
ót,0,13
nối,6,7
làm_bộ,0,10
tối,31,47
tốt,232,21
đổi,14,26
gặp,249,56
đương_nhiên,7,8
lẫn,31,45
góp_phần,12,0
liên_hệ,15,0
chẳng,165,114
tràn_đầy,5,10
mê_mệt,0,15
tranh,17,4
kinh_doanh,9,2
trang,28,50
cao,116,135
ghì,0,53
ghê,3,8
kinh_khủng,5,8
điê,14,0
lòn,0,10
huyết_áp,14,0
kìm_hãm,1,9
ghi,15,1
em_gái,24,20
níu_kéo,27,1
con_gái,146,66
dạo_đầu,20,0
y_như,1,10
đầu_óc,4,10
rậm,0,10
mời,18,22
chinh_phục,22,2
chương_trình,20,2
em,1438,2106
eo,2,41
phần,120,63
riêng_tư,13,1
luồng,2,15
có_điều,12,2
phát_hiện,61,9
hạnh_phúc,183,23
giá_trị,63,0
kiểm_tra,34,1
độc_lập,11,0
trước_hết,22,0
liên_lạc,40,0
xa,109,26
xe,21,30
mất,184,105
xx,10,0
xy,13,1
thường_xuyên,88,4
mấy,69,183
chênh_lệch,16,4
sự_thật,66,2
quay,58,70
cô_đơn,33,4
thay,39,31
thai,295,13
than,8,4
riêng,79,19
cằm,5,11
xé,2,35
xì,1,14
thở_dốc,0,13
tuyệt_vọng,15,3
xác_định,57,1
hạn_chế,17,1
mò_mẫm,0,13
thủng,3,10
điện_thoại,56,13
kín_đáo,5,10
sự_việc,17,4
tỷ_lệ,13,0
thương,29,35
thuận,3,27
nhầm,12,1
dứt,13,6
tư_vấn,71,0
hãy,575,25
dòng,12,64
xoay,8,54
bùng,1,12
dạo,18,9
dạy,11,19
tiêu,21,1
giao,3,13
tiên,3,78
tiêm,17,1
vun_vút,0,14
truyền_thống,7,4
sàn,3,17
bình_thường,130,31
mong,50,8
dữ_dội,3,21
vui,40,20
nỗi,45,34
màu,70,43
chúc,64,7
mày,5,75
màn,12,13
chút,36,62
kín,19,21
thể_chất,12,0
tầm,20,10
sinh_nhật,9,4
thân_thiết,13,1
phần_trăm,13,0
thực,19,0
điên,10,30
đau_đớn,14,67
thử_nghiệm,15,0
lời_nói,25,8
tắm_rửa,1,14
vợ_chồng,44,21
nhiên,4,6
đôi_lúc,14,2
kiên_quyết,11,1
đối_với,88,20
chính_thức,10,3
hiếp_dâm,0,16
liên_tiếp,6,10
chẳng_hạn,26,2
áo,46,159
áp,0,24
chữ,37,9
lập_tức,5,14
ca,54,1
đúng_đắn,18,0
thất_bại,19,1
hẳn,47,77
đơ,6,18
hì_hục,1,10
trò_chuyện,26,1
xoa_xoa,0,21
vô,8,183
tình_huống,49,3
chung_thủy,15,7
vú,30,716
học_tập,13,0
lên_mặt,0,16
chuyên_gia,69,0
huyền,1,69
thảo_luận,9,1
xinh_xinh,3,9
lo_âu,8,5
lén_lút,3,10
chuyển,50,13
uống,109,46
thoáng,21,10
mới,364,340
đô,30,95
hầu_hết,42,0
hình_thức,19,0
đá,12,15
đà,1,9
đâ,10,2
mãnh_liệt,6,19
đè,6,97
đê,40,0
chậm,34,22
chật,6,7
chập,0,10
đơn_giản,89,3
đu,1,12
đa,33,1
đi,614,786
đh,25,1
đo,34,5
tăng,95,37
nhăn_nhó,1,9
nồng_độ,9,1
suy_giảm,11,0
chế,4,7
con_người,95,20
mếp,0,11
sinh_lý,27,11
ước,10,4
me,13,1
ướt,5,101
đăng_ký,18,1
quốc_gia,11,2
nếu_không,68,23
khảo_sát,19,0
nhẹ_nhàng,22,165
dục_tình,6,12
nghiên,12,1
siết,4,34
trầm_cảm,21,0
đừng,205,116
hiện_diện,10,0
đê_mê,4,86
bế,1,14
thả_lỏng,4,8
y_tế,17,0
đồng,12,11
nỗi_niềm,4,7
thì_có,27,15
khuyên,93,1
ngắn,42,12
đỡ,5,53
đụ,0,537
đủ,162,47
đồ,21,30
khai,2,10
đổ,16,25
độ,63,15
đề,5,9
kỷ_niệm,25,4
đỏ,33,120
giống,89,52
sâu,31,302
đẻ,3,7
đế,1,15
đả,0,39
sợ_hãi,18,9
ảnh_hưởng,99,2
thấm,4,22
nhè_nhẹ,0,82
được_cái,9,27
đội,12,3
thấy,449,569
thấp,32,5
chất_liệu,9,1
ôm_ấp,6,4
một_ít,6,9
theo_dõi,16,1
phụ_thuộc,32,0
chứng_minh,24,0
lặp,7,3
lăn,1,30
dậy_thì,32,2
anh_chàng,68,14
cho_biết,50,5
váy,20,30
trân_trọng,30,0
giọng,22,25
tuyến,13,2
thật_là,9,54
hành_xử,10,0
dung,5,74
chứng_tỏ,32,4
đâu,137,212
chiều,40,37
đâm,4,129
huyệt,0,30
khắp,6,45
kết,15,2
thân_mật,16,6
một,2174,1270
chàng,593,947
lỏng,10,4
chà,1,35
đồng_cảm,13,0
la_hét,0,10
hút,9,26
phồng,4,38
bạn_trai,263,3
cắt,25,8
bất_an,11,0
cực_điểm,0,10
chuyên_khoa,12,0
sóng,3,10
khách,3,14
quen,143,27
công_ty,42,13
con_cái,27,3
phập_phồng,0,10
đối_mặt,14,2
mảnh,1,21
lách,0,13
tiêu_chuẩn,11,0
đầu_gối,0,39
không_chỉ,53,11
chằm_chằm,2,11
béo,21,6
ngồi,42,208
ngượng,1,13
nhảy,4,18
dục,2,11
nhỏ_nhặt,12,1
đối_xử,19,1
thèm,6,66
đổ_vỡ,12,0
thế_hệ,13,1
tuần,84,22
hướng_dẫn,9,6
tường,2,16
tê_tái,0,18
kết_luận,15,1
mong_muốn,90,4
hận,2,9
tưởng_chừng,3,7
thuộc,32,7
nói,638,633
tỉnh,15,23
thúc_đẩy,12,3
mê_mẩn,8,4
loạn_luân,0,16
hành_vi,48,3
kỳ_thị,14,0
tạp_chí,13,0
bệnh,112,8
thầy,35,35
thầm,17,33
nho_nhỏ,6,27
ngành,22,2
vòng_tránh_thai,10,0
bót,0,22
tiêu_chí,20,0
tham_khảo,13,0
xanh,15,19
xác,1,11
run,1,45
đa_số,24,1
đặc_biệt,108,19
chuối,1,9
rưỡi,3,7
vững_vàng,13,0
cải_thiện,21,0
ghế,5,31
đột_nhiên,5,7
phục,0,10
khoảnh_khắc,14,1
đối_phương,61,8
quả_là,6,9
dương,22,20
estrogen,14,0
tình_cờ,10,1
cân_bằng,13,1
lớp,80,56
củng,1,16
nay,100,99
đối_tượng,35,0
gục,8,31
bấm,1,16
dáng,10,12
ngọc_nga,0,14
qúa,0,62
tình_hình,13,0
ga,14,4
trời,18,57
bộ_đồ,7,6
thể_thao,15,4
nhục_dục,1,15
facebook,34,0
cường,6,18
chiếm,8,3
trong_suốt,19,1
môi_trường,17,0
bôi_trơn,11,5
mắt,87,189
gào,0,16
gã,12,308
mắc,64,19
khiếp,2,11
khiến,277,148
công_bằng,10,2
tình_cảm,324,1
hắn,39,681
năm,363,115
chán,24,24
dài,81,188
suốt,47,21
suối,0,10
cháy,6,14
dày,10,12
ngốc,7,3
mặc_kệ,2,11
đám_cưới,26,2
mới_đây,15,0
tự_dưng,7,3
xung,16,4
búng,0,14
tinh_hoàn,30,6
nhạc,5,12
lợi_thế,10,1
nhân_viên,23,3
tuấn,17,0
thụ_thai,19,0
nghĩa_là,50,9
tiếp_cận,14,0
hường,0,80
giúp_đỡ,29,2
khen,23,18
gồng,0,21
đề_nghị,27,2
bạn_gái,350,3
có_tiếng,3,15
chung,114,21
bệnh_nhân,14,4
đông,22,6
trung_thực,17,0
tấn_công,5,15
lâu_dài,35,1
trưởng_thành,34,2
dễ,138,19
dể,0,17
dở,3,7
trời_đất,0,10
quần,17,244
đa_phần,13,1
nóng_nảy,11,1
phi_công,17,0
khoái,40,80
thả,2,22
thở,18,181
thớ,0,18
trói,0,18
thủ_dâm,48,39
phần_lớn,16,0
thể,8,8
đời,87,47
ben,1,35
thử,119,29
bệnh_viện,29,1
thứ,133,58
thụ,1,19
mà_còn,33,10
nào_đó,67,7
tinh_thần,40,6
sẵn_sàng,61,16
lút,0,34
thốn,0,21
hứa,24,10
trinh_trắng,5,9
học_sinh,12,0
vật,7,29
thực_hiện,60,11
khoảng_cách,22,2
nghiêm_trọng,15,1
tình_đầu,10,1
nhạy_cảm,29,10
tiếng,26,336
nội_tiết_tố,11,0
nga,51,18
vào_khoảng,7,4
mụn,17,0
gần_như,17,11
nghiến,0,16
né_tránh,8,3
tự_tử,9,1
chú_ý,49,6
ước_mơ,9,4
trái_ngược,8,2
sĩ_diện,10,0
học_hành,13,2
ngã,13,21
ngó,4,8
lui,1,23
chặc,0,10
em_trai,4,17
kem,13,19
thân_thể,0,93
hình,13,27
xinh_xắn,9,15
sản_sinh,11,0
ngoài_ra,46,6
mật,5,8
nêu,13,1
hiê,12,0
thiết_bị,20,0
đốc,0,14
bắt_chước,3,9
tâm_trạng,34,2
mỏng,11,32
hoóc,18,0
vân_vê,0,11
bóng,9,40
không_thể,242,58
hại,13,9
hạt,7,13
người_lớn,36,9
lây_lan,10,0
xoắn,2,10
âm_đạo,112,83
dây,14,21
một_chút,51,106
nhất_là,82,38
dâu,9,8
giây_phút,12,17
anh_ấy,729,8
ngon_lành,0,30
muốn,588,393
mùi_vị,4,11
sưng,6,12
khuya,3,8
gân,0,21
ngắn_ngủi,8,2
nhắp,0,14
nhắn,56,1
nhắm,3,20
thiệt,5,33
nhắc,25,8
gây,154,12
sở_thích,22,0
cãi_vã,14,0
lao_động,9,1
thừa,14,7
rút_lui,7,5
tách,1,19
nữ_giới,25,0
không_bao_giờ,64,20
mịn_màng,0,18
tìm,197,64
sản_phẩm,11,0
twitter,13,0
thu_vân,0,14
thiếu,64,7
thiếp,0,57
làm_bạn,29,0
phát_triển,77,1
tin_cậy,17,0
bản_thân,193,3
hồng,20,165
chầm_chậm,1,190
thất_vọng,28,1
thảo,5,5
bên_cạnh,91,40
nghĩa,5,8
cá_nhân,40,4
ho,17,2
ha,27,1
may_mà,5,5
cặp,57,254
va_chạm,9,8
cặt,0,77
đại_học,25,2
cặc,0,1478
lý_do,97,3
lưu_ý,32,0
chi_phối,10,0
hê,14,0
phức_tạp,15,0
hà,1,115
há,0,46
xung_quanh,31,19
mèo,0,11
bcs,46,0
người,2141,1325
sức_khỏe,90,4
quấn,0,60
bế_tắc,14,0
tốt_nghiệp,17,3
nhắm_nghiền,0,30
nhắm_mắt,12,50
men,11,3
bà_cô,1,9
mân_mê,1,33
hưng_phấn,23,17
trốn,9,7
đầu_vào,0,15
trượt,2,37
lọt,2,28
người_yêu,363,62
cán,0,15
hương_vị,8,2
động_lực,11,0
rát,4,51
cho_phép,14,11
khao_khát,10,6
thưởng_thức,8,24
hợp_lý,23,0
tế_bào,23,1
nhận,175,42
bóp,3,303
nhậu,8,2
tùng,20,83
móc,0,53
mẫu,12,1
khăn,10,38
tại_sao,64,11
quân,10,205
co_giật,0,12
thụt,3,40
nhào,0,17
đám,20,58
đơn,13,3
con_bé,0,19
nửa,48,72
lát,0,47
trợn,2,10
đau_đầu,13,1
minh,8,38
bộ_phận,21,27
nhận_định,24,0
mơ,12,3
ân_hận,7,3
sau_này,80,27
quỷ,2,11
quen_thuộc,4,7
cưới,124,15
hôm_sau,8,8
ngoái,2,8
thời,26,10
bay,5,21
màng,10,9
ngoáy,0,48
ban,6,5
bao,71,35
mây_mưa,4,6
lệ,1,71
lễ,17,6
lỗ,3,176
lổ,0,92
làm_việc,53,14
bộ_não,14,0
hơn_nữa,32,66
mặc,64,125
cuối,51,34
thần,0,12
lỡ,18,12
chủ_yếu,11,0
thời_điểm,52,1
làm_quen,23,4
dự_định,14,1
lẽ,8,7
lẻ,2,13
lẹ,0,17
dựng,4,12
an_tâm,10,0
phân_biệt,22,1
gợi,5,22
ống,15,5
tinh,17,138
bày_tỏ,26,2
năn_nỉ,3,18
kiê,14,0
lắng_nghe,42,5
thân,33,156
đẹp_trai,11,14
khởi_đầu,6,4
giọt,6,41
trọn_vẹn,14,10
canh,3,9
im,2,28
in,8,4
qua_lại,18,5
đàn_bà,6,135
quang,6,8
quanh,27,37
phải_biết,16,2
ức_chế,10,0
hòa,8,37
mặc_cảm,10,2
ích_kỷ,12,0
đề_cương,16,0
thẳng_thắn,37,0
kia,127,158
trở_lại,28,31
đêm,31,103
đặc_điểm,29,0
âm_thanh,3,9
diện,7,6
thơm,9,71
thì_phải,18,9
sinh_sản,34,2
trần_truồng,0,99
cởi_mở,12,5
hất,1,14
thoả_mãn,4,10
mông,3,366
nhẫy,0,13
bằng_chứng,8,2
dễ_chịu,2,18
tài_sản,11,1
prolactin,17,0
áp_lực,33,0
rộng,14,92
khoái_cảm,29,52
bần_bật,0,12
thủy,3,49
trèo,1,14
điều_chỉnh,13,4
dù_sao,16,10
liệu,92,1
nghe_nói,8,7
chị,86,1729
chổ,0,28
chỗ,56,111
thuốc,259,22
chờ,46,41
chở,8,13
chủ,15,9
ấn_tượng,34,1
thường,250,33
hích,0,95
lão,0,27
nhập_cuộc,9,4
chả,12,15
hết_nổi,1,18
gấp,20,16
đạt,81,13
mạnh_dạn,10,6
hành_động,67,9
kiên,2,70
quan_hệ,537,10
ráng,0,15
ào_ạt,0,42
bí_mật,19,5
kích_dục,3,12
khắc,13,1
hoàn_hảo,27,3
đại,11,24
chuột,7,9
cố_ý,5,6
boy,10,0
dĩ_nhiên,11,16
chịu,68,289
xu_hướng,28,0
môi,29,242
môn,33,1
khoa_học,23,1
nói_chung,17,1
thời_gian,352,30
vặn,0,11
thức_dậy,2,13
hồi,16,91
mềm_nhũn,1,10
cắn_răng,0,11
chín_chắn,18,0
giải_quyết,73,0
tuyên_bố,15,0
tính,107,18
gửi,47,4
gmt+,10,0
trinh_nữ,0,15
tán_tỉnh,12,12
tinh_trùng,93,63
nhún,0,51
mau,4,26
ngẫu_nhiên,9,1
may,19,9
đón_nhận,32,38
mai,11,22
nảy_sinh,11,1
khám_phá,13,13
trả_lời,106,34
giỏi,13,8
nhiê,16,0
nhăn,5,21
hôn,54,260
hôm,28,30
ối,0,30
ung_thư,24,1
vươn,2,9
từ_tốn,3,8
luôn,303,162
rượu,36,30
bọc,8,4
bọn,34,72
đèn,2,17
nẩy,0,47
công_khai,20,1
diễn,29,11
diễm,2,12
phun,1,35
ý_thức,10,0
sót,2,10
thần_kinh,12,3
sói,2,15
buông,10,41
toàn,22,15
chuẩn,12,2
tác_động,37,1
thoát,27,21
quàng,1,9
bụng_dưới,6,7
một_mình,25,26
áo_mưa,13,1
thông_thường,36,0
mặt,98,262
lồn,0,1774
ngón,3,14
mặn,2,18
pháp_luật,10,0
hổ,1,13
nóng,17,71
ngập,0,27
tên,53,75
tham_lam,1,23
mơn_trớn,4,19
trận,12,24
vắt,0,18
sáng,31,35
đợi,18,35
cũng_nên,29,0
tuổi_tác,35,3
ra_hiệu,3,14
việc_làm,22,6
việc_gì,12,1
gần,151,87
dâm_đãng,0,42
mà_cả,11,4
nhúc_nhích,0,10
dồn_dập,0,32
cho_dù,25,4
tui,2,77
lành_mạnh,12,0
kích_thước,32,2
nghịch,0,15
tích_cực,35,3
truyền,7,14
viêm_nhiễm,15,0
đồng_ý,53,11
cậu_bé,21,6
gặp_gỡ,29,0
say_đắm,12,14
kẻ,29,15
kế,4,13
kể,78,17
kề,2,10
lừa_dối,17,0
đói,5,22
đón,10,11
kỳ,25,10
kỹ,29,13
đào,0,36
từ_chối,41,9
ngước,2,11
trơn,3,25
sáng_suốt,18,0
loại,78,15
một_đôi,9,2
dặn,5,8
hội_chứng,21,0
nam,104,48
thương_yêu,5,10
kịp,8,27
tuyệt,4,17
góc_độ,10,2
alex,0,61
tự_chủ,1,12
tế_nhị,24,1
sử_dụng,158,9
chết,38,134
toàn_thân,0,30
nghệ_an,14,0
chán_nản,10,2
thành_đạt,11,0
khởi_động,4,8
bịt,0,17
nắm,32,99
nắn,0,75
lịm,0,15
lý_giải,17,0
thống_kê,10,0
cuối_cùng,60,65
chĩa,0,13
chuyên_nghiệp,5,5
cãi,23,6
số_phận,8,5
kệ,1,11
thành,79,67
thưa,7,3
ướt_át,2,16
phút,49,93
dịp,18,7
đơn_phương,10,0
nóng_bỏng,7,14
phân_vân,7,3
hổn_hển,0,51
nhiệm_vụ,7,9
trải,41,8
dúi,0,12
xem_xét,27,1
đứng,37,109
xiết,0,18
gọi_là,27,7
hối_thúc,4,6
sống,224,40
ùa,4,6
tính_tình,7,3
đống,4,7
ngẩng,1,19
hầu_như,16,4
cực_kỳ,6,12
thiết_kế,11,1
người_mẹ,7,5
vô_tư,10,3
ngả,2,20
trung_bình,33,0
phù_hợp,73,1
lụa,0,10
đi_tiểu,8,5
địt,0,233
con_nhỏ,1,31
nuốt,2,69
đường,128,32
hợp,56,5
ủng_hộ,32,0
trường,59,17
ngược_lại,39,7
quậy,0,18
phủ_nhận,10,0
hứa_hẹn,5,6
diễn_tả,6,4
khẩn_cấp,37,0
tử_cung,39,57
giãn,9,8
chiếu,3,19
yếu,19,4
yến,3,214
ba_mẹ,31,2
hệ_thống,12,2
valentine,17,0
minh_họa,15,0
rên,0,304
gò,1,19
gợi_ý,17,0
thèm_khát,0,17
cô_giáo,1,33
trở_lên,9,3
kê,11,32
mày_râu,25,0
lồ_lộ,0,11
vuốt,7,93
nào,294,301
tuột,8,90
y_tá,4,22
cơ_hội,90,16
quỳnh,0,15
nhay,0,21
rách,22,16
ngượng_ngùng,3,34
đề_phòng,11,2
giang,9,4
thành_thạo,2,9
năng_lượng,11,0
ăn_mặc,23,6
ngoại_tình,7,4
phầm_phập,0,37
hơi,36,228
hơn,782,452
đắp,0,11
táo_bạo,1,10
buổi_sáng,5,5
ngại_ngùng,8,7
triệu_chứng,24,0
mỏng_manh,4,13
thươ,12,0
cộng_đồng,25,1
trâm,0,109
trân,1,27
hàng_xóm,8,4
chín,6,10
liều,6,7
gương_mặt,6,12
quy_định,21,0
nụ_cười,21,5
nghỉ,16,34
nam_khoa,16,0
lén,6,9
gay,13,0
câu_hỏi,62,5
gan,13,4
my_bảo,0,11
quên,105,45
khéo_léo,30,13
rớt,3,14
yếu_tố,49,1
mong_đợi,22,0
thắc_mắc,10,1
cách,474,76
hôn_nhân,120,0
đáp_án,14,0
liếm,0,468
khoan_khoái,0,18
liếc,0,14
nhiễm,17,0
vậy_mà,14,24
cua,8,5
thất_thanh,0,10
chọn,109,8
tinh_tế,11,0
chọc,4,26
đứt_quãng,0,14
bia,8,13
rốn,0,22
đồng_hồ,14,15
ngoại_hình,13,0
tâm_trí,16,1
google,10,0
cháu,47,53
cuộn,1,12
tình,189,53
phong_cách,15,1
lạnh,14,7
thông_cảm,25,4
hoài,6,12
biê,13,0
tuôn,1,37
trò_chơi,5,8
người_ta,120,44
trách_nhiệm,45,6
vách,0,13
bụng,27,116
mơ_hồ,7,4
ăn,92,123
mức,61,7
ngọt_ngào,20,5
tối_đa,13,1
gót,9,4
cột,2,13
góc,4,9
gói,4,12
ghét,15,15
thú_nhận,15,0
thông_qua,18,0
quây,0,13
hay_là,17,9
tương_lai,71,2
vung,4,7
đực,3,8
miết,1,27
nảy,1,18
nam_giới,140,2
lỗi,32,6
khít_khao,0,10
sét,8,7
cứng,43,296
trinh_nguyên,0,17
nhiệt_tình,6,4
lãng_mạn,34,5
bao_gồm,17,0
sinh,43,602
đầu_tiên,89,81
nhắn_tin,65,0
quan_tâm,175,4
mua_sắm,10,1
hồi_hộp,3,10
che,5,45
choàng,0,24
gắn_bó,23,2
chi,35,43
trần,3,16
dựng_đứng,1,9
lý_trí,16,4
thêm,167,185
tràn,2,25
trào,3,42
tự_ái,16,2
tài,7,46
ngón_tay,7,166
lịch_sự,14,7
chê,17,11
mềm_mại,6,65
cảm_thấy,229,140
chó,0,26
hỗ_trợ,22,0
vòng_tay,9,34
góp_ý,14,0
da,54,77
số_lượng,13,1
vô_sinh,12,0
cương,103,106
le,1,75
vụng_về,4,18
la,67,124
ơi_là,0,17
bầu,32,118
nhám,0,10
ly,12,11
bình_tĩnh,34,8
mẹ_con,4,6
dao,3,7
quý,31,15
quà,46,4
quâ,13,1
quê,45,4
day,0,32
sếp,7,3
lâ,24,0
lá,12,7
lê,2,16
điện,34,20
đúng,198,107
thể_xác,16,7
que,44,4
chồm,0,27
giấc_ngủ,2,9
lâu_lâu,5,9
tôn_trọng,66,4
làm_sao,116,62
mạnh,43,700
ngược,12,45
khó_chịu,47,20
tỏ_tình,42,2
một_số,145,2
ý_muốn,28,2
say_mê,1,41
phóng,7,32
thân_mến,32,0
vì_sao,28,5
mỹ_lệ,0,43
lơ,14,3
tp_hcm,17,0
quíu,0,16
buồn_bã,4,6
xét,22,0
làm_tình,3,115
niềm,10,7
tròn_trịa,1,13
tưởng,22,35
hàm_răng,3,7
trục_trặc,10,1
lối,26,4
hiểu,268,70
xối_xả,0,28
oanh,1,83
hiện_tượng,40,0
dứt_khoát,23,2
muộn,16,4
nhằm,32,5
phổ_biến,26,0
kinh_nghiệm,34,14
văn_hóa,17,0
an,6,93
mọng,0,14
thong_thả,0,10
phương,12,281
có_lẽ,66,27
sung_sướng,7,213
tây,9,7
thân_hình,5,61
tâm,13,8
tân,0,11
tuyết,2,29
bánh,9,12
cần_thiết,49,2
hổng,4,15
nghi,9,2
nghe,119,201
ghen,27,11
ví_dụ,18,1
sofa,1,12
hoạt_động,57,11
khiêu_khích,0,19
bản_lĩnh,16,1
nuôi_dưỡng,7,3
nâng,12,55
bấu,0,36
quyền,62,6
lặng_lẽ,3,7
hiện_tại,73,10
căng,10,106
kết_hôn,108,2
híc,0,11
thành_viên,10,1
magforwomen,10,0
trăm,13,10
mút,2,318
tay_chân,1,12
ấm_áp,5,14
tận_dụng,9,1
đọc,54,9
chốn,8,2
nghĩ,278,139
gắn,6,13
sĩ_quan,1,17
hột,0,78
lúng_túng,4,16
trúng,9,11
khất,0,19
xóc,0,48
xóa,12,1
tổ_chức,38,1
ý_nghĩ,13,9
khấc,0,51
mă,12,0
nãy_giờ,0,27
đươ,18,0
mục_tiêu,10,1
bàn,17,32
khỏe_mạnh,12,3
jack,0,12
lấy_làm,6,4
giựt,0,63
mũ,24,1
tâm_sự,53,5
chấm_dứt,24,1
chia_tay,214,5
có_khi,21,45
philip,0,16
tiện,15,3
ánh_sáng,6,12
tiệc,23,4
khác_nhau,56,6
bổng,0,20
không_gian,29,9
cạnh,7,38
phong,2,52
dị,14,0
ma,23,81
mi,32,6
mu,9,183
đành,8,41
gia_đình,406,15
my,9,13
tăng_cường,9,1
phụ_khoa,14,0
cộng,17,9
bạn_thân,36,7
ngữa,0,11
ngạc_nhiên,19,30
bung,1,13
nghiện,33,2
dựa,26,10
duỗi,0,19
nữa_là,9,16
thuận_tiện,11,1
mặc_dù,39,23
tức_là,17,2
má,4,54
nút,4,250
mì,1,29
đưa,150,404
mê,10,47
mô,51,0
mò,1,39
núi,1,11
nước_miếng,0,27
nầy,0,43
núm,13,116
ú_ớ,0,18
nhũ,5,46
ban_đầu,25,16
con_nít,22,8
ngăn_cản,23,1
chủ_động,63,19
tương_tự,23,2
giải_phóng,11,4
im_lặng,20,7
cơ_sở,21,0
đầu_lưỡi,0,100
ăn_uống,19,3
lĩnh_vực,12,0
nhe,0,16
nha,17,79
thuỷ,0,32
nhi,24,0
kết_quả,81,2
bảo,78,167
bảy,2,17
tiếp_xúc,24,4
nghiêm_túc,31,0
viết,60,3
thứ_ba,13,11
nhà,212,188
nhâ,12,0
điểm,77,19
nhô,0,34
cảm_ơn,25,3
khe_khẽ,0,15
đồng_nghĩa,11,1
ý_định,21,4
đùi,3,192
đùa,4,12
vừa_rồi,6,8
ngươ,30,0
việt,7,6
ép,6,18
viện,14,0
bệnh_tật,9,1
muô,13,0
trót,14,2
thổ_lộ,18,0
xoa,1,143
da_thịt,0,33
phấn_đấu,12,0
bận_rộn,9,1
kèm,23,9
tất_nhiên,64,3
gối,7,61
gốc,24,18
bìu_dái,0,14
mua,76,16
phát_sinh,11,0
nói_dối,52,1
cởi,3,180
lo_ngại,11,0
giới_tính,50,0
cảnh_báo,16,0
tiền_bạc,23,0
trở_thành,68,25
bả,0,41
tiểu_vũ,0,50
bảo_vệ,65,6
tác_giả,10,0
áo_dài,2,14
bốn,5,15
tùy,20,1
ngất,0,37
lạc_thú,0,10
rối_loạn,27,1
hiện,33,34
cảm_tình,14,5
có_mặt,9,3
sức_mạnh,18,15
dấu_hiệu,69,5
nhỏ_xíu,7,5
ngửi,2,11
cáu_gắt,11,0
ngửa,0,75
chậm_rãi,3,20
trinh,12,58
ngang,8,37
to_lớn,4,29
dừng,55,33
lời,322,53
nấm,13,1
luồn,0,55
nấc,2,13
nư,12,2
nấu,8,15
hoàng_dung,0,61
trút,12,16
bác_sĩ,93,31
nhà_nghiên_cứu,21,0
từ_bỏ,12,3
mãi,35,48
thực_sự,172,13
giới_hạn,32,1
kết_thúc,31,2
xưa,13,12
giơ,13,11
ánh,16,27
nè,5,29
gia,24,0
không_khí,9,7
tình_trạng,73,2
giả_tạo,9,1
xấu_hổ,13,13
khóa,7,11
khóc,22,30
thiện_cảm,9,2
điều_tra,13,0
miền,19,1
xây_dựng,29,2
nh,95,3
gió,2,17
giò,0,38
no,22,12
na,26,0
ng,180,8
tim,45,18
giã,0,23
giâ,12,0
giá,7,11
già,31,32
bạn,4078,52
lợi_dụng,24,3
tia,4,8
hormon,14,0
bất_ngờ,38,12
bình,7,8
ảnh,70,106
tham_gia,49,6
to_tướng,0,11
mạnh_bạo,1,32
cẩn_thận,34,15
tâm_hồn,22,3
thọc,0,48
hối_hả,1,11
trắng,22,116
giả_vờ,7,4
ly_hôn,15,0
thích,275,323
khi_không,16,2
lu,11,0
nước_ngoài,17,0
bóng_tối,1,9
giật_mình,3,15
gồm,6,5
nổ,3,20
nước_tiểu,11,1
tự_trọng,14,0
duyên,11,20
khóc_lóc,7,3
cụ_thể,25,0
áp_dụng,24,1
kéo_dài,50,24
ra_sao,22,10
xong,27,177
trang_điểm,9,1
giải_thích,38,5
rúc,0,15
tập_trung,42,5
rút,23,178
lỗ_đít,0,93
cười,47,229
sát,11,153
cảm,9,5
tiểu,5,26
gia_tăng,9,3
vú_em,0,36
háng,2,98
hậu_môn,2,18
tình_nguyện,6,5
phép,11,1
dọa,12,0
dọc,1,85
lượng,44,0
giới_thiệu,17,2
bận_tâm,21,1
kỹ_năng,13,1
khẳng_định,39,0
đầy_đủ,17,2
cứu,11,13
tết,61,0
phương_mai,0,39
máu,77,64
mát,4,17
máy,19,35
hun,0,20
mái,5,7
huy,13,147
ngừa,15,1
hùng,0,84
nói_gì,18,21
kêu,12,132
hiện_nay,58,1
anh,1086,1637
quốc,3,33
lót,3,14
gánh,21,1
đồng_tính,93,1
run_rẩy,0,11
chiếm_đoạt,1,11
địa_vị,9,2
nịt_vú,0,26
xìu,9,14
nhéo,8,7
chặt,13,269
chảy_máu,11,1
độc_thân,24,1
mái_tóc,9,23
giật_giật,0,29
bắt,34,66
bắn,5,152
bắc,13,4
như_thế_nào,70,16
hy_vọng,46,3
như_thế_này,7,35
keo,7,6
đặt,75,88
thỏa_thuận,10,0
ngất_ngây,0,12
cơ_quan,39,1
ghi_nhận,18,0
vùng_miền,10,0
chỉ_dẫn,9,1
joe,0,18
tinh_khí,0,64
viêm,23,1
viên,49,8
phục_vụ,4,14
phọt,0,18
chống_cự,0,14
nghĩa_vụ,23,1
ảo,23,0
hiệu_quả,74,1
chân_thành,42,1
luật_sư,14,0
bên,215,609
chùn_chụt,0,30
quen_biết,10,4
một_nửa,36,9
tác_hại,11,0
kích_cỡ,14,0
du_lịch,11,1
ngàn,15,10
tránh,268,20
nghi_ngờ,29,5
một_hơi,2,14
mơ_ước,9,4
thói_quen,26,6
trao_tặng,0,10
tin,148,13
nghẹn,2,8
bạo,0,12
đi_nữa,8,4
ngại,36,12
trường_hợp,130,0
nồng,0,13
đồng_thời,38,33
mười,5,33
tuổi,383,75
xinh,12,14
đạo_đức,14,1
hình_thành,10,0
tiền,94,24
như_thế,106,89
ấm,6,62
ấn,0,110
xấu,40,3
thon_thả,2,8
nguồn,11,2
thím,0,88
có_nghĩa,12,1
ngũ,2,8
giải_pháp,29,0
nhanh_chóng,31,25
nhẹp,0,36
làm_gì,99,78
mệt,4,45
rắc_rối,18,1
hỏi_thăm,12,1
lột,0,31
bất_động,2,9
lộn,3,7
vị_trí,30,10
vét,1,11
toàn_bộ,12,24
cầu_toàn,15,0
hứng_tình,0,14
nõn_nà,0,22
chùi,0,14
chùm,0,12
quyến_rũ,47,12
nỗ_lực,17,2
kìa,0,12
sảng_khoái,3,7
ống_quần,0,14
thành_phố,9,10
song,34,6
địa_điểm,10,0
hôm_nay,23,44
chăm_sóc,46,10
lisa,0,12
bậc,11,2
đi_về,4,8
bận,9,2
buồng,1,13
bật,5,37
ràng_buộc,16,1
lông,26,220
nguy_hiểm,25,2
suy,9,2
chan_chát,0,10
ngừng,12,123
lo_sợ,17,5
bướm,3,9
bước,77,46
bố_mẹ,128,9
ra_mắt,20,0
đảm_bảo,40,2
nước_bọt,0,14
chuẩn_bị,60,19
tựa,1,20
trang_phục,12,1
kiểm_soát,44,2
vạch,4,23
sung_sức,4,6
dang,0,49
vuốt_ve,18,56
hối,2,8
định_kiến,9,1
ôm,31,307
ôi,4,37
niềm_vui,31,1
tập_thể_dục,9,2
quỳ,2,30
bàn_chân,5,28
đề_cập,13,0
hấp_dẫn,44,41
tức_giận,6,13
con_trai,87,35
bỏ_cuộc,10,5
biển,3,8
biểu,1,21
chu_kỳ,55,0
nhớ,105,48
định,15,50
bớt,23,10
ngắt,5,40
rên_rỉ,1,71
bà_mẹ,7,7
thái_độ,44,3
ngày_nay,21,2
lây_nhiễm,10,0
cu_lớn,0,16
khó_khăn,114,10
vọt,0,10
ư_ử,0,15
công_sở,11,1
phía,56,202
kinh,49,12
đứng_dậy,0,29
mây,2,9
phái_đẹp,29,0
quan_niệm,21,1
trước_mắt,12,16
bảng,8,2
chỉ_tiêu,10,0
chia_sẻ,193,2
cửa,18,60
đen_nhánh,0,24
lớn,121,124
nếm,5,16
sờ_soạng,0,25
săn,2,29
hiv,33,0
vệ_sinh,16,0
sương,0,10
ghen_tuông,21,1
tạo_hóa,7,5
kết_hợp,20,2
xài,3,7
hông,0,35
sướng,12,820
no_tròn,0,21
ruột,7,16
giao_hợp,21,18
vội_vàng,38,15
mệnh,10,1
ra_đi,16,13
sẵn,13,12
run_run,0,20
hối_hận,16,4
tội_lỗi,7,14
thịt,2,108
đáp,27,33
nỗi_buồn,18,3
đáy,2,9
quần_lót,13,93
huệ,6,18
từng_trải,7,3
thuốc_lá,11,0
lâng_lâng,2,8
mừng,2,9
giờ_đây,15,13
mà_sao,5,8
hòn_dái,0,56
phone,3,14
chấp_nhận,115,15
chắc_chắn,88,28
tìm_hiểu,91,1
gáy,0,17
gái,28,27
gác,0,29
hoàng,2,13
mượt,0,10
hồn,1,14
tâm_thần,10,1
truyền_thông,10,0
hậu_quả,43,5
vĩ_đại,2,9
chăn_gối,12,2
đau_khổ,61,2
long,2,118
bạn_đời,10,0
trinh_tiết,10,4
đợt,6,26
chân,23,345
hàng,49,32
châu,11,1
ngậm,3,159
hành,12,3
dâm,2,167
phụ_nữ,446,28
say,18,29
mở_rộng,6,11
bích,0,16
kiến_thức,20,1
cõi,3,10
chờ_đợi,13,16
khiêu_dâm,8,2
nhàm_chán,14,2
thét,0,13
cưa,15,3
dịu,0,10
làm_chủ,10,7
gật_đầu,6,38
âm,7,28
dính,35,68
mạnh_mẽ,37,15
tròn,8,64
xuất_hiện,49,10
lưởi,0,16
hương,25,231
đường_cong,5,10
sexy,4,8
tư_thế,32,43
ghé,2,8
nở,7,19
lùi,5,10
điều_trị,34,0
usd,9,2
nữ,93,108
giãy_giụa,0,11
khép_kín,8,3
bẩn,15,8
rẫy,0,17
giờ,127,111
chim,2,13
tay,77,863
thu_hút,24,1
nhóm,64,0
nhóc,4,51
nhà_khoa_học,21,0
tan,15,12
tao,0,97
tai,22,26
báo,10,6
nặng,43,18
lương,22,1
nhọn,2,10
giữ,112,57
tiến_hành,11,2
thật_sự,101,7
lắng,6,5
buồi,0,45
giả,9,43
hành_hạ,5,7
phấn_khích,3,14
người_thân,20,4
sục,0,47
âu_yếm,12,42
đẹp,102,123
đời_sống,30,1
ngưng,5,26
đầu_tư,11,0
hihi,0,24
trao,18,11
trai,17,7
cảm_thông,10,0
nhắc_nhở,10,1
khêu_gợi,2,11
học_trò,5,11
một_vài,36,5
hiếm,9,2
quyền_lợi,13,0
hiếp,0,35
vương,0,25
hiếu,13,28
nào_là,9,5
cửa_sổ,3,7
vùi,1,12
lưng,12,139
nước_mắt,6,22
bôi,3,15
gãi,1,20
mở_mắt,1,10
gãy,6,4
nhận_thức,13,2
tự_nguyện,8,5
anh_em,8,18
khoảng,109,25
dịu_dàng,11,7
tội_nghiệp,8,13
không_những,12,6
lưỡi,7,342
tóc,18,49
chào,29,5
quá_khứ,53,0
dám,68,71
vô_tình,16,13
dái,0,18
tột_đỉnh,0,13
râu,2,15
dũng,6,63
nguy_cơ,62,0
vốn,23,25
trông,31,50
giường,14,243
bỏ_rơi,20,2
đuôi,7,3
hắc_mẫu_đơn,0,12
phát,25,60
pháp,10,7
phán,8,2
phái,18,9
rạo_rực,2,9
tay_phải,0,12
trắng_ngần,0,15
nghiên_cứu,137,0
giận,37,8
rung_động,10,4
sáu,1,53
mặt_khác,20,0
mềm,6,68
mền,0,11
mồng,9,15
hì_hì,0,37
thuê,13,3
sang_trọng,7,7
cân_nhắc,29,0
hôn_hít,2,16
mép,2,140
nhịn,0,13
sạch_sẽ,4,21
trung_tâm,22,2
liếm_láp,0,27
can_thiệp,11,1
khoản,11,7
bữa,27,11
mưa,9,33
non,7,20
nguyên_nhân,71,1
thun,0,15
tình_bạn,27,0
thua,6,12
thử_thách,20,0
đe_dọa,19,1
nhỏ,177,143
nhị,0,12
nhổ,0,10
cả_ngố,0,19
nhờ,54,25
khép,3,32
nhả,0,47
buộc,18,4
liền,7,55
đồng_nghiệp,17,0
nhẹ,17,263
khéo,6,7
trực_tiếp,27,2
tặc,0,13
tò_mò,9,16
phân_tích,11,1
vấn_đề,286,2
lắc_đầu,7,10
làm_ăn,10,1
nhịp,21,62
hỏng,9,4
đụ_mẹ,0,10
hoàn_thiện,10,0
tín_hiệu,22,4
cười_nói,1,14
đến,961,524
cưỡi,0,11
ít_nhiều,12,1
chuyến,10,1
tốc_độ,12,14
mức_độ,41,5
liên,10,4
đoán,7,7
không_thể_nào,3,134
nàng,196,1767
mình,1430,903
testosterone,14,0
cưỡng,2,10
tự_do,24,10
giết,5,15
hé,2,26
thao_tác,3,10
giúp,246,40
mãn_kinh,13,0
tươi,10,10
hì,3,11
vai,15,58
buồn_nôn,10,1
ngây_thơ,5,8
hẩy,0,58
mụ,0,29
sắc,6,28
nhỏ_nhắn,2,16
sắt,3,10
mỡ,9,6
cánh_tay,2,36
nhận_biết,7,3
phản_bội,12,4
mẹ,82,207
công,11,9
sài_gòn,16,2
dùng,184,170
mở,28,94
mớ,2,15
mợ,0,412
ít,126,40
sinh_lực,1,13
mỹ,34,104
